{
  "generation": 355,
  "individuals": [
    [
      0.006954491,
      1.4753169,
      12.107331,
      10.770916
    ],
    [
      0.006954491,
      1.0810819,
      11.833934,
      10.44296
    ],
    [
      0.006954491,
      0.9000758,
      12.73115,
      11.141402
    ],
    [
      0.006954491,
      0.755751,
      12.58148,
      10.770916
    ],
    [
      0.109706014,
      1.6792401,
      12.844234,
      9.762482
    ],
    [
      0.006954491,
      1.3748366,
      12.658024,
      10.770916
    ],
    [
      0.006954491,
      0.37024903,
      12.107331,
      10.383993
    ],
    [
      0.020464063,
      0.9000758,
      12.107331,
      10.7584915
    ],
    [
      0.006954491,
      1.3748366,
      12.052657,
      9.762482
    ],
    [
      0.006954491,
      0.9000758,
      12.867118,
      10.400927
    ],
    [
      0.006954491,
      0.72405136,
      11.833934,
      11.275482
    ],
    [
      0.07610601,
      1.5191889,
      12.516338,
      10.004105
    ],
    [
      0.020464063,
      0.86006963,
      12.702786,
      10.174079
    ],
    [
      -0.12689999,
      0.9000758,
      11.882651,
      11.141402
    ],
    [
      0.020464063,
      0.9398248,
      12.295733,
      10.9605665
    ],
    [
      0.020464063,
      1.4753169,
      12.107331,
      10.969948
    ],
    [
      0.0061282218,
      1.3748366,
      12.052657,
      9.762482
    ],
    [
      0.006954491,
      0.9398248,
      11.833934,
      10.890862
    ],
    [
      0.006954491,
      1.6656028,
      12.702786,
      10.312197
    ],
    [
      -0.3789316,
      0.86006963,
      12.295733,
      10.569721
    ],
    [
      0.006954491,
      1.4753169,
      12.107331,
      10.44296
    ],
    [
      0.006954491,
      0.9398248,
      12.295733,
      9.790093
    ],
    [
      0.07610601,
      1.1786183,
      12.427871,
      10.9605665
    ],
    [
      0.006954491,
      0.6381587,
      11.631347,
      10.382331
    ],
    [
      0.07610601,
      1.2901821,
      12.844234,
      11.141402
    ],
    [
      -0.2272025,
      1.3426107,
      12.070082,
      10.003939
    ],
    [
      0.006954491,
      0.28834727,
      12.045227,
      10.238526
    ],
    [
      0.020464063,
      1.2747304,
      12.107331,
      11.141402
    ],
    [
      0.006954491,
      0.9398248,
      12.052657,
      9.781305
    ],
    [
      0.006954491,
      0.6381587,
      11.701675,
      10.400927
    ],
    [
      0.006954491,
      1.0810819,
      11.833934,
      10.854658
    ],
    [
      0.006954491,
      0.63825256,
      11.852955,
      11.103097
    ],
    [
      0.006954491,
      0.6381587,
      12.295733,
      10.770916
    ],
    [
      0.006954491,
      1.3936424,
      13.167905,
      10.700975
    ],
    [
      0.07610601,
      1.6792401,
      12.516338,
      10.153748
    ],
    [
      0.006954491,
      0.6381587,
      12.4747095,
      9.700939
    ],
    [
      0.006954491,
      0.9398248,
      11.897644,
      10.9605665
    ],
    [
      0.23756555,
      1.0810819,
      11.918373,
      10.44296
    ],
    [
      0.006954491,
      1.4753169,
      12.295733,
      10.770916
    ],
    [
      0.006954491,
      1.0810819,
      12.695613,
      10.724532
    ],
    [
      0.006954491,
      1.4753169,
      12.079531,
      10.463038
    ],
    [
      0.006954491,
      0.9000758,
      12.34403,
      10.199743
    ],
    [
      0.006954491,
      0.8275923,
      12.427871,
      10.238526
    ],
    [
      0.006954491,
      0.37024903,
      12.295733,
      10.383993
    ],
    [
      -0.30945033,
      0.9398248,
      11.897644,
      11.141402
    ],
    [
      0.006954491,
      1.4753169,
      12.014189,
      10.44296
    ],
    [
      0.006954491,
      1.8255502,
      12.427871,
      10.387386
    ],
    [
      0.006954491,
      1.4753169,
      12.295733,
      9.790093
    ],
    [
      0.006954491,
      1.0810819,
      12.797143,
      9.602753
    ],
    [
      0.006954491,
      0.63825256,
      12.079531,
      10.711623
    ],
    [
      0.006954491,
      1.1507427,
      12.295733,
      9.790093
    ],
    [
      0.006954491,
      0.9000758,
      11.77151,
      10.9605665
    ],
    [
      0.006954491,
      1.325453,
      12.402885,
      10.770916
    ],
    [
      0.006954491,
      0.28834727,
      11.551256,
      10.91959
    ],
    [
      0.006954491,
      0.9398248,
      12.107331,
      10.44296
    ],
    [
      0.006954491,
      1.4753169,
      12.107331,
      10.238526
    ],
    [
      0.32977018,
      1.3748366,
      13.023198,
      10.003939
    ],
    [
      -0.30457276,
      1.4753169,
      12.783895,
      9.781305
    ],
    [
      0.006954491,
      0.9000758,
      12.038131,
      10.873436
    ],
    [
      0.06310892,
      0.9398248,
      12.045227,
      10.238526
    ],
    [
      0.07610601,
      1.5222678,
      12.516338,
      10.498776
    ],
    [
      0.006954491,
      0.9398248,
      12.73115,
      11.141402
    ],
    [
      0.006954491,
      1.0810819,
      12.427871,
      10.9605665
    ],
    [
      0.006954491,
      1.0810819,
      12.107331,
      10.167597
    ],
    [
      0.006954491,
      1.4753169,
      12.844234,
      10.44296
    ],
    [
      0.07610601,
      1.1786183,
      12.915924,
      10.44296
    ],
    [
      0.006954491,
      0.86360985,
      12.702786,
      10.44296
    ],
    [
      -0.35932416,
      0.9000758,
      11.833934,
      10.9605665
    ],
    [
      0.43122485,
      0.9398248,
      12.516338,
      10.9605665
    ],
    [
      0.006954491,
      1.4753169,
      12.73115,
      9.602753
    ],
    [
      0.006954491,
      1.1786183,
      12.219322,
      10.003939
    ],
    [
      0.006954491,
      0.37024903,
      12.107331,
      9.781305
    ],
    [
      0.006954491,
      0.9398248,
      12.642578,
      10.238526
    ],
    [
      0.006954491,
      0.9398248,
      12.079531,
      10.770916
    ],
    [
      0.006954491,
      0.9000758,
      11.833934,
      10.44296
    ],
    [
      0.006954491,
      1.0810819,
      12.107331,
      10.56438
    ],
    [
      0.006954491,
      1.4753169,
      12.702786,
      10.770916
    ],
    [
      0.006954491,
      0.28834727,
      13.52215,
      10.238526
    ],
    [
      0.006954491,
      1.4753169,
      12.73115,
      10.9605665
    ],
    [
      0.006954491,
      0.9398248,
      12.295733,
      11.141402
    ],
    [
      0.006954491,
      0.9398248,
      12.295733,
      11.141402
    ],
    [
      0.20989296,
      0.9000758,
      12.079531,
      10.873436
    ],
    [
      -0.30889025,
      1.2069323,
      12.86328,
      10.91959
    ],
    [
      0.006954491,
      1.4753169,
      11.779354,
      10.890862
    ],
    [
      0.006954491,
      0.5711105,
      12.516338,
      9.730958
    ],
    [
      0.020464063,
      0.86006963,
      12.107331,
      10.7584915
    ],
    [
      0.006954491,
      1.3748366,
      13.167905,
      9.857075
    ],
    [
      0.006954491,
      0.9398248,
      12.844234,
      11.47208
    ],
    [
      0.020464063,
      0.9398248,
      11.897644,
      10.9605665
    ],
    [
      0.006954491,
      1.0810819,
      12.797143,
      9.602753
    ],
    [
      0.049325466,
      0.8475194,
      12.079531,
      10.873436
    ],
    [
      0.09300795,
      0.9398248,
      12.120406,
      10.44296
    ],
    [
      -0.20949182,
      0.9398248,
      11.833934,
      10.873436
    ],
    [
      0.07610601,
      1.1786183,
      12.516338,
      10.153748
    ],
    [
      0.006954491,
      1.0810819,
      12.797143,
      11.141402
    ],
    [
      0.043470025,
      1.3748366,
      12.052657,
      9.762482
    ],
    [
      0.006954491,
      0.5711105,
      12.797143,
      9.730958
    ],
    [
      0.006954491,
